indicator,territory,unit,n_years,start_year,end_year,full_slope,common_n_years,common_slope
surface temperature,American Samoa,°C / century,176,1850,2025,0.4077481840193714,31,1.5443548387096895
surface temperature,Cook Islands,°C / century,176,1850,2025,0.3597182478538416,31,1.3145161290322627
surface temperature,Federated States of Micronesia,°C / century,176,1850,2025,0.3546995377503859,31,2.3951612903225876
surface temperature,Fiji,°C / century,176,1850,2025,0.3771846797270534,31,2.399193548387112
surface temperature,French Polynesia,°C / century,176,1850,2025,0.4384657715166195,31,0.5282258064516197
surface temperature,Guam,°C / century,176,1850,2025,0.37192383887299196,31,2.137096774193561
surface temperature,Kiribati,°C / century,176,1850,2025,0.360708782742682,31,0.7217741935483843
surface temperature,Marshall Islands,°C / century,176,1850,2025,0.43082764692934267,31,1.6250000000000049
surface temperature,Nauru,°C / century,176,1850,2025,0.27901166629980295,31,1.483870967741944
surface temperature,New Caledonia,°C / century,176,1850,2025,0.41168831168831205,31,2.0725806451612816
surface temperature,Niue,°C / century,176,1850,2025,0.33301782962799986,31,1.9475806451613022
surface temperature,Northern Mariana Islands,°C / century,176,1850,2025,0.3575941008144401,31,2.2016129032258203
surface temperature,Palau,°C / century,176,1850,2025,0.3004512436715832,31,2.447580645161291
surface temperature,Papua New Guinea,°C / century,176,1850,2025,0.42465331278890667,31,2.181451612903222
surface temperature,Pitcairn,°C / century,176,1850,2025,0.22843935725291717,31,0.6330645161290408
surface temperature,Samoa,°C / century,176,1850,2025,0.4077481840193714,31,1.5443548387096895
surface temperature,Solomon Islands,°C / century,176,1850,2025,0.4150341184239499,31,2.3104838709677566
surface temperature,Tokelau,°C / century,176,1850,2025,0.4312348668280881,31,0.987903225806454
surface temperature,Tonga,°C / century,176,1850,2025,0.32416905128769585,31,2.4475806451612985
surface temperature,Tuvalu,°C / century,176,1850,2025,0.35468853180717674,31,1.3750000000000078
surface temperature,Vanuatu,°C / century,176,1850,2025,0.43455866167730633,31,2.33064516129033
surface temperature,Wallis and Futuna,°C / century,176,1850,2025,0.4010015408320503,31,1.661290322580659
sea-surface temperature,American Samoa,°C / century,176,1850,2025,0.384800792427912,31,1.6209677419354946
sea-surface temperature,Cook Islands,°C / century,176,1850,2025,0.3638124587277135,31,1.3104838709677502
sea-surface temperature,Federated States of Micronesia,°C / century,176,1850,2025,0.35497468633061935,31,2.1935483870967816
sea-surface temperature,Fiji,°C / century,176,1850,2025,0.3437266123706808,31,2.37500000000001
sea-surface temperature,French Polynesia,°C / century,176,1850,2025,0.3881465991635486,31,0.935483870967747
sea-surface temperature,Guam,°C / century,176,1850,2025,0.3704490424829413,31,2.1088709677419497
sea-surface temperature,Kiribati,°C / century,176,1850,2025,0.40627338762932064,31,0.391129032258061
sea-surface temperature,Marshall Islands,°C / century,176,1850,2025,0.4010455646048873,31,1.7379032258064637
sea-surface temperature,Nauru,°C / century,176,1850,2025,0.2893022232005293,31,1.4959677419354918
sea-surface temperature,New Caledonia,°C / century,176,1850,2025,0.4045234426590363,31,1.8830645161290251
sea-surface temperature,Niue,°C / century,176,1850,2025,0.31605767114241745,31,2.205645161290334
sea-surface temperature,Northern Mariana Islands,°C / century,176,1850,2025,0.330002201188642,31,2.1572580645161437
sea-surface temperature,Palau,°C / century,176,1850,2025,0.2801012546775264,31,2.3991935483871
sea-surface temperature,Papua New Guinea,°C / century,176,1850,2025,0.37185780321373635,31,2.0524193548387175
sea-surface temperature,Samoa,°C / century,176,1850,2025,0.4096852300242142,31,1.6532258064516248
sea-surface temperature,Solomon Islands,°C / century,176,1850,2025,0.4073299581774166,31,2.1854838709677544
sea-surface temperature,Tokelau,°C / century,176,1850,2025,0.4144618093770644,31,0.9596774193548417
sea-surface temperature,Tonga,°C / century,176,1850,2025,0.3262821923838878,31,2.40322580645162
sea-surface temperature,Tuvalu,°C / century,176,1850,2025,0.3329077701959065,31,1.2983870967742022
sea-surface temperature,Vanuatu,°C / century,176,1850,2025,0.3927801012546781,31,2.3266129032258145
sea-surface temperature,Wallis and Futuna,°C / century,176,1850,2025,0.3963020030816649,31,1.7056451612903367
sea level,American Samoa,mm / year,31,1993,2023,3.8306451612903145,31,3.8306451612903145
sea level,Cook Islands,mm / year,31,1993,2023,4.637096774193543,31,4.637096774193543
sea level,Federated States of Micronesia,mm / year,31,1993,2023,4.637096774193605,31,4.637096774193605
sea level,Fiji,mm / year,31,1993,2023,4.153225806451637,31,4.153225806451637
sea level,French Polynesia,mm / year,31,1993,2023,4.1532258064516,31,4.1532258064516
sea level,Guam,mm / year,31,1993,2023,3.548387096774201,31,3.548387096774201
sea level,Kiribati,mm / year,31,1993,2023,3.9112903225806415,31,3.9112903225806415
sea level,Marshall Islands,mm / year,31,1993,2023,3.83064516129034,31,3.83064516129034
sea level,Nauru,mm / year,31,1993,2023,4.475806451612908,31,4.475806451612908
sea level,New Caledonia,mm / year,31,1993,2023,4.314516129032254,31,4.314516129032254
sea level,Niue,mm / year,31,1993,2023,4.919354838709686,31,4.919354838709686
sea level,Northern Mariana Islands,mm / year,31,1993,2023,3.4274193548387366,31,3.4274193548387366
sea level,Palau,mm / year,31,1993,2023,4.838709677419376,31,4.838709677419376
sea level,Papua New Guinea,mm / year,31,1993,2023,5.403225806451657,31,5.403225806451657
sea level,Samoa,mm / year,31,1993,2023,4.516129032258049,31,4.516129032258049
sea level,Solomon Islands,mm / year,31,1993,2023,5.120967741935534,31,5.120967741935534
sea level,Tokelau,mm / year,31,1993,2023,3.225806451612928,31,3.225806451612928
sea level,Tonga,mm / year,31,1993,2023,3.8709677419355115,31,3.8709677419355115
sea level,Tuvalu,mm / year,31,1993,2023,4.3951612903225925,31,4.3951612903225925
sea level,Vanuatu,mm / year,31,1993,2023,4.596774193548389,31,4.596774193548389
sea level,Wallis and Futuna,mm / year,31,1993,2023,4.15322580645161,31,4.15322580645161
rainfall,American Samoa,mm / year,47,1979,2025,0.2159690101757618,31,0.021370967741939667
rainfall,Cook Islands,mm / year,47,1979,2025,0.05822155411655655,31,-0.05124999999999688
rainfall,Federated States of Micronesia,mm / year,47,1979,2025,0.4359158186863962,31,0.5568548387096814
rainfall,Fiji,mm / year,47,1979,2025,0.09614939870490226,31,0.24419354838710394
rainfall,French Polynesia,mm / year,47,1979,2025,-0.06465078630897413,31,-0.20221774193547815
rainfall,Guam,mm / year,47,1979,2025,0.1869333950046257,31,0.22858870967742148
rainfall,Kiribati,mm / year,47,1979,2025,-0.22700046253468323,31,0.020645161290312946
rainfall,Marshall Islands,mm / year,47,1979,2025,0.1650439407955605,31,0.15391129032257678
rainfall,Nauru,mm / year,47,1979,2025,-0.48657493061978974,31,-0.21685483870968017
rainfall,New Caledonia,mm / year,47,1979,2025,-0.3990864939870484,31,-0.5030241935483875
rainfall,Niue,mm / year,47,1979,2025,0.4297756706752985,31,0.4956048387096828
rainfall,Northern Mariana Islands,mm / year,47,1979,2025,0.11328630897317417,31,0.24939516129032532
rainfall,Palau,mm / year,47,1979,2025,0.4008556891766848,31,0.173750000000005
rainfall,Papua New Guinea,mm / year,47,1979,2025,0.14163968547640982,31,0.2453225806451709
rainfall,Pitcairn,mm / year,47,1979,2025,-0.11975023126734415,31,-0.18173387096773258
rainfall,Samoa,mm / year,47,1979,2025,0.24087650323774237,31,0.11181451612903609
rainfall,Solomon Islands,mm / year,47,1979,2025,0.40814061054578843,31,0.9188709677419408
rainfall,Tokelau,mm / year,47,1979,2025,-0.14845050878815708,31,-0.40185483870967337
rainfall,Tonga,mm / year,47,1979,2025,0.5205134135060115,31,0.449153225806459
rainfall,Tuvalu,mm / year,47,1979,2025,-0.20004625346900648,31,-0.3068145161290337
rainfall,Vanuatu,mm / year,47,1979,2025,0.2669981498612367,31,0.6065725806451668
rainfall,Wallis and Futuna,mm / year,47,1979,2025,0.3985430157261785,31,0.36963709677420015
